schema_version,experiment_id,run_id,resource_id,transport_stream_id,attempt_index,request_start_ms,request_end_ms,first_byte_ms,ttfb_request_ms,payload_done_ms,complete_ms,completion_request_ms,bytes_expected,bytes_received,checksum_ok,success,error_code,error_message
1,bulk_20261001T040343_aba00c8f14659393,c0_warmup_0000_quic,1,0,0,3.62675,3.630152,4.80009,1.17334,59.428444,59.430513,55.803763,1048576,1048576,true,true,,
1,bulk_20261001T040343_aba00c8f14659393,c0_warmup_0000_quic,2,4,0,3.533426,3.545361,4.824464,1.291038,59.488889,59.600413,56.066987,1048576,1048576,true,true,,
1,bulk_20261001T040343_aba00c8f14659393,c0_warmup_0000_quic,3,8,0,3.597567,3.601062,4.806753,1.209186,57.104949,57.114052,53.516485,1048576,1048576,true,true,,
1,bulk_20261001T040343_aba00c8f14659393,c0_warmup_0000_quic,4,12,0,3.605866,3.610339,4.814866,1.209,59.563055,59.564703,55.958837,1048576,1048576,true,true,,
1,bulk_20261001T040343_aba00c8f14659393,c0_warmup_0000_quic,5,16,0,3.614756,3.620443,4.812633,1.197877,60.097915,60.099542,56.484786,1048576,1048576,true,true,,
1,bulk_20261001T040343_aba00c8f14659393,c0_warmup_0000_quic,6,20,0,3.511546,3.590975,4.821813,1.310267,60.216573,60.217872,56.706326,1048576,1048576,true,true,,
1,bulk_20261001T040343_aba00c8f14659393,c0_warmup_0000_tcp,1,,0,3.056524,3.069585,3.327093,0.270569,18.503041,18.50387,15.447346,1048576,1048576,true,true,,
1,bulk_20261001T040343_aba00c8f14659393,c0_warmup_0000_tcp,2,,0,3.069764,3.076066,3.337919,0.268155,18.513296,18.520367,15.450603,1048576,1048576,true,true,,
1,bulk_20261001T040343_aba00c8f14659393,c0_warmup_0000_tcp,3,,0,3.076158,3.081566,3.35071,0.274552,18.529143,18.530273,15.454115,1048576,1048576,true,true,,
1,bulk_20261001T040343_aba00c8f14659393,c0_warmup_0000_tcp,4,,0,3.081674,3.087348,3.372599,0.290925,18.545409,18.546342,15.464668,1048576,1048576,true,true,,
1,bulk_20261001T040343_aba00c8f14659393,c0_warmup_0000_tcp,5,,0,3.087443,3.091802,3.384661,0.297218,18.581308,18.581809,15.494366,1048576,1048576,true,true,,
1,bulk_20261001T040343_aba00c8f14659393,c0_warmup_0000_tcp,6,,0,3.09192,3.093997,3.400056,0.308136,18.602115,18.602761,15.510841,1048576,1048576,true,true,,
1,bulk_20261001T040343_aba00c8f14659393,c0_measured_0000_quic,1,0,0,5.771122,5.780699,6.979925,1.208803,109.575533,109.576445,103.805323,1048576,1048576,true,true,,
1,bulk_20261001T040343_aba00c8f14659393,c0_measured_0000_quic,2,4,0,5.809022,5.816577,6.955513,1.146491,109.50341,109.503953,103.694931,1048576,1048576,true,true,,
1,bulk_20261001T040343_aba00c8f14659393,c0_measured_0000_quic,3,8,0,5.837036,5.844877,6.944789,1.107753,109.452385,109.45543,103.618394,1048576,1048576,true,true,,
1,bulk_20261001T040343_aba00c8f14659393,c0_measured_0000_quic,4,12,0,5.862782,5.879778,6.695175,0.832393,112.760165,112.76924,106.906458,1048576,1048576,true,true,,
1,bulk_20261001T040343_aba00c8f14659393,c0_measured_0000_quic,5,16,0,5.89922,5.906525,6.418815,0.519595,116.194222,116.208748,110.309528,1048576,1048576,true,true,,
1,bulk_20261001T040343_aba00c8f14659393,c0_measured_0000_quic,6,20,0,5.669134,5.714248,7.280208,1.611074,113.120618,113.542526,107.873392,1048576,1048576,true,true,,
1,bulk_20261001T040343_aba00c8f14659393,c0_measured_0000_tcp,1,,0,1.485332,1.497583,1.69237,0.207038,23.061431,23.062186,21.576854,1048576,1048576,true,true,,
1,bulk_20261001T040343_aba00c8f14659393,c0_measured_0000_tcp,2,,0,1.497737,1.503865,1.710835,0.213098,23.079284,23.080773,21.583036,1048576,1048576,true,true,,
1,bulk_20261001T040343_aba00c8f14659393,c0_measured_0000_tcp,3,,0,1.503962,1.510194,1.725466,0.221504,23.108783,23.1093,21.605338,1048576,1048576,true,true,,
1,bulk_20261001T040343_aba00c8f14659393,c0_measured_0000_tcp,4,,0,1.510304,1.516063,1.751128,0.240824,23.13714,23.137512,21.627208,1048576,1048576,true,true,,
1,bulk_20261001T040343_aba00c8f14659393,c0_measured_0000_tcp,5,,0,1.516158,1.52227,1.780585,0.264427,23.177658,23.178101,21.661943,1048576,1048576,true,true,,
1,bulk_20261001T040343_aba00c8f14659393,c0_measured_0000_tcp,6,,0,1.522373,1.524534,1.821572,0.299199,23.203749,23.204073,21.6817,1048576,1048576,true,true,,
1,bulk_20261001T040343_aba00c8f14659393,c0_measured_0001_tcp,1,,0,1.610142,1.624247,1.7916,0.181458,29.0572,29.063901,27.453759,1048576,1048576,true,true,,
1,bulk_20261001T040343_aba00c8f14659393,c0_measured_0001_tcp,2,,0,1.624386,1.629773,1.819112,0.194726,29.218285,29.219274,27.594888,1048576,1048576,true,true,,
1,bulk_20261001T040343_aba00c8f14659393,c0_measured_0001_tcp,3,,0,1.62986,1.635117,1.858149,0.228289,29.314449,29.314857,27.684997,1048576,1048576,true,true,,
1,bulk_20261001T040343_aba00c8f14659393,c0_measured_0001_tcp,4,,0,1.635219,1.640732,1.872164,0.236945,29.828506,29.829443,28.194224,1048576,1048576,true,true,,
1,bulk_20261001T040343_aba00c8f14659393,c0_measured_0001_tcp,5,,0,1.640813,1.645724,1.893975,0.253162,29.953306,29.953675,28.312862,1048576,1048576,true,true,,
1,bulk_20261001T040343_aba00c8f14659393,c0_measured_0001_tcp,6,,0,1.645839,1.649354,1.910048,0.264209,29.988093,29.988432,28.342593,1048576,1048576,true,true,,
1,bulk_20261001T040343_aba00c8f14659393,c0_measured_0001_quic,1,0,0,3.233288,3.234517,4.386797,1.153509,41.724664,41.725725,38.492437,1048576,1048576,true,true,,
1,bulk_20261001T040343_aba00c8f14659393,c0_measured_0001_quic,2,4,0,3.245457,3.247241,4.395775,1.150318,39.694516,39.700397,36.45494,1048576,1048576,true,true,,
1,bulk_20261001T040343_aba00c8f14659393,c0_measured_0001_quic,3,8,0,3.255164,3.255841,4.055372,0.800208,41.700783,41.703866,38.448702,1048576,1048576,true,true,,
1,bulk_20261001T040343_aba00c8f14659393,c0_measured_0001_quic,4,12,0,3.25936,3.264609,4.048617,0.789257,41.865639,41.86747,38.60811,1048576,1048576,true,true,,
1,bulk_20261001T040343_aba00c8f14659393,c0_measured_0001_quic,5,16,0,3.268587,3.271983,4.03976,0.771173,42.057176,42.059294,38.790707,1048576,1048576,true,true,,
1,bulk_20261001T040343_aba00c8f14659393,c0_measured_0001_quic,6,20,0,3.181844,3.189675,4.406138,1.224294,41.417934,41.427324,38.24548,1048576,1048576,true,true,,
