scenario,transport,mode,network_profile,trace_mode,resource_count,resource_size_bytes,chunk_bytes,resource_id,metric,n_attempted,n_success,n_failed,failure_rate,n_values,mean,median,p95,sample_stddev,n_timeout,failure_codes
loopback-test,quic,cold,loopback-test,performance,6,1048576,16384,1,complete_ms,1,0,1,1.0,0,,,,,0,"{""transfer_error"": 1}"
loopback-test,quic,cold,loopback-test,performance,6,1048576,16384,1,first_byte_ms,1,0,1,1.0,0,,,,,0,"{""transfer_error"": 1}"
loopback-test,quic,cold,loopback-test,performance,6,1048576,16384,2,complete_ms,1,0,1,1.0,0,,,,,0,"{""transfer_error"": 1}"
loopback-test,quic,cold,loopback-test,performance,6,1048576,16384,2,first_byte_ms,1,0,1,1.0,0,,,,,0,"{""transfer_error"": 1}"
loopback-test,quic,cold,loopback-test,performance,6,1048576,16384,3,complete_ms,1,0,1,1.0,0,,,,,0,"{""transfer_error"": 1}"
loopback-test,quic,cold,loopback-test,performance,6,1048576,16384,3,first_byte_ms,1,0,1,1.0,0,,,,,0,"{""transfer_error"": 1}"
loopback-test,quic,cold,loopback-test,performance,6,1048576,16384,4,complete_ms,1,0,1,1.0,0,,,,,0,"{""transfer_error"": 1}"
loopback-test,quic,cold,loopback-test,performance,6,1048576,16384,4,first_byte_ms,1,0,1,1.0,0,,,,,0,"{""transfer_error"": 1}"
loopback-test,quic,cold,loopback-test,performance,6,1048576,16384,5,complete_ms,1,0,1,1.0,0,,,,,0,"{""transfer_error"": 1}"
loopback-test,quic,cold,loopback-test,performance,6,1048576,16384,5,first_byte_ms,1,0,1,1.0,0,,,,,0,"{""transfer_error"": 1}"
loopback-test,quic,cold,loopback-test,performance,6,1048576,16384,6,complete_ms,1,0,1,1.0,0,,,,,0,"{""transfer_error"": 1}"
loopback-test,quic,cold,loopback-test,performance,6,1048576,16384,6,first_byte_ms,1,0,1,1.0,0,,,,,0,"{""transfer_error"": 1}"
loopback-test,tcp,cold,loopback-test,performance,6,1048576,16384,1,complete_ms,1,0,1,1.0,0,,,,,0,"{""transfer_error"": 1}"
loopback-test,tcp,cold,loopback-test,performance,6,1048576,16384,1,first_byte_ms,1,0,1,1.0,0,,,,,0,"{""transfer_error"": 1}"
loopback-test,tcp,cold,loopback-test,performance,6,1048576,16384,2,complete_ms,1,0,1,1.0,0,,,,,0,"{""transfer_error"": 1}"
loopback-test,tcp,cold,loopback-test,performance,6,1048576,16384,2,first_byte_ms,1,0,1,1.0,0,,,,,0,"{""transfer_error"": 1}"
loopback-test,tcp,cold,loopback-test,performance,6,1048576,16384,3,complete_ms,1,0,1,1.0,0,,,,,0,"{""transfer_error"": 1}"
loopback-test,tcp,cold,loopback-test,performance,6,1048576,16384,3,first_byte_ms,1,0,1,1.0,0,,,,,0,"{""transfer_error"": 1}"
loopback-test,tcp,cold,loopback-test,performance,6,1048576,16384,4,complete_ms,1,0,1,1.0,0,,,,,0,"{""transfer_error"": 1}"
loopback-test,tcp,cold,loopback-test,performance,6,1048576,16384,4,first_byte_ms,1,0,1,1.0,0,,,,,0,"{""transfer_error"": 1}"
loopback-test,tcp,cold,loopback-test,performance,6,1048576,16384,5,complete_ms,1,0,1,1.0,0,,,,,0,"{""transfer_error"": 1}"
loopback-test,tcp,cold,loopback-test,performance,6,1048576,16384,5,first_byte_ms,1,0,1,1.0,0,,,,,0,"{""transfer_error"": 1}"
loopback-test,tcp,cold,loopback-test,performance,6,1048576,16384,6,complete_ms,1,0,1,1.0,0,,,,,0,"{""transfer_error"": 1}"
loopback-test,tcp,cold,loopback-test,performance,6,1048576,16384,6,first_byte_ms,1,0,1,1.0,0,,,,,0,"{""transfer_error"": 1}"
